<?xml version="1.0" encoding="UTF-8"?>
<project-private xmlns="http://www.netbeans.org/ns/project-private/1">
    <editor-bookmarks xmlns="http://www.netbeans.org/ns/editor-bookmarks/2" lastBookmarkId="0"/>
    <open-files xmlns="http://www.netbeans.org/ns/projectui-open-files/2">
        <group>
            <file>file:/home/daniel/Documents/Ayudantías/Taller%20de%20sistemas%20distribuidos/Laboratorio%20%231/Clase%203/Servidor-RMI/src/rmi/Implementacion.java</file>
            <file>file:/home/daniel/Documents/Ayudantías/Taller%20de%20sistemas%20distribuidos/Laboratorio%20%231/Clase%203/Servidor-RMI/src/servidor/Servidor.java</file>
        </group>
    </open-files>
</project-private>
